<?xml version="1.0" encoding="UTF-8" standalone="yes"?><Configuration><RuleGroup category="Activity"><Rule status="enabled" severity="error" ruleId="R1010"><Driver class="com.modeliosoft.modelio.audit.rules.R1010"/></Rule><Rule status="enabled" severity="error" ruleId="R1020"><Driver class="com.modeliosoft.modelio.audit.rules.R1020"/></Rule><Rule status="enabled" severity="error" ruleId="R1030"><Driver class="com.modeliosoft.modelio.audit.rules.R1030"/></Rule><Rule status="enabled" severity="error" ruleId="R1040"><Driver class="com.modeliosoft.modelio.audit.rules.R1040"/></Rule><Rule status="enabled" severity="error" ruleId="R1050"><Driver class="com.modeliosoft.modelio.audit.rules.R1050"/></Rule><Rule status="enabled" severity="error" ruleId="R1060"><Driver class="com.modeliosoft.modelio.audit.rules.R1060"/></Rule><Rule status="enabled" severity="error" ruleId="R1070"><Driver class="com.modeliosoft.modelio.audit.rules.R1070"/></Rule><Rule status="enabled" severity="error" ruleId="R1080"><Driver class="com.modeliosoft.modelio.audit.rules.R1080"/></Rule><Rule status="enabled" severity="error" ruleId="R1090"><Driver class="com.modeliosoft.modelio.audit.rules.R1090"/></Rule><Rule status="enabled" severity="error" ruleId="R1100"><Driver class="com.modeliosoft.modelio.audit.rules.R1100"/></Rule><Rule status="enabled" severity="error" ruleId="R1110"><Driver class="com.modeliosoft.modelio.audit.rules.R1110"/></Rule><Rule status="enabled" severity="error" ruleId="R1130"><Driver class="com.modeliosoft.modelio.audit.rules.R1130"/></Rule><Rule status="enabled" severity="error" ruleId="R1140"><Driver class="com.modeliosoft.modelio.audit.rules.R1140"/></Rule><Rule status="enabled" severity="error" ruleId="R1150"><Driver class="com.modeliosoft.modelio.audit.rules.R1150"/></Rule><Rule status="enabled" severity="error" ruleId="R1160"><Driver class="com.modeliosoft.modelio.audit.rules.R1160"/></Rule><Rule status="enabled" severity="error" ruleId="R1170"><Driver class="com.modeliosoft.modelio.audit.rules.R1170"/></Rule><Rule status="enabled" severity="error" ruleId="R1180"><Driver class="com.modeliosoft.modelio.audit.rules.R1180"/></Rule><Rule status="enabled" severity="error" ruleId="R1190"><Driver class="com.modeliosoft.modelio.audit.rules.R1190"/></Rule><Rule status="enabled" severity="error" ruleId="R1200"><Driver class="com.modeliosoft.modelio.audit.rules.R1200"/></Rule><Rule status="enabled" severity="error" ruleId="R1230"><Driver class="com.modeliosoft.modelio.audit.rules.R1230"/></Rule><Rule status="enabled" severity="error" ruleId="R1250"><Driver class="com.modeliosoft.modelio.audit.rules.R1250"/></Rule><Rule status="enabled" severity="error" ruleId="R1280"><Driver class="com.modeliosoft.modelio.audit.rules.R1280"/></Rule><Rule status="enabled" severity="warning" ruleId="R1290"><Driver class="com.modeliosoft.modelio.audit.rules.R1290"/></Rule><Rule status="enabled" severity="warning" ruleId="R1300"><Driver class="com.modeliosoft.modelio.audit.rules.R1300"/></Rule><Rule status="enabled" severity="warning" ruleId="R1310"><Driver class="com.modeliosoft.modelio.audit.rules.R1310"/></Rule><Rule status="enabled" severity="error" ruleId="R1320"><Driver class="com.modeliosoft.modelio.audit.rules.R1320"/></Rule><Rule status="enabled" severity="error" ruleId="R1350"><Driver class="com.modeliosoft.modelio.audit.rules.R1350"/></Rule><Rule status="enabled" severity="error" ruleId="R1360"><Driver class="com.modeliosoft.modelio.audit.rules.R1360"/></Rule><Rule status="enabled" severity="error" ruleId="R1370"><Driver class="com.modeliosoft.modelio.audit.rules.R1370"/></Rule><Rule status="enabled" severity="error" ruleId="R1380"><Driver class="com.modeliosoft.modelio.audit.rules.R1380"/></Rule><Rule status="enabled" severity="error" ruleId="R1390"><Driver class="com.modeliosoft.modelio.audit.rules.R1390"/></Rule><Rule status="enabled" severity="error" ruleId="R1400"><Driver class="com.modeliosoft.modelio.audit.rules.R1400"/></Rule></RuleGroup><RuleGroup category="State"><Rule status="enabled" severity="error" ruleId="R2580"><Driver class="com.modeliosoft.modelio.audit.rules.R2580"/></Rule><Rule status="enabled" severity="error" ruleId="R2590"><Driver class="com.modeliosoft.modelio.audit.rules.R2590"/></Rule><Rule status="enabled" severity="error" ruleId="R2600"><Driver class="com.modeliosoft.modelio.audit.rules.R2600"/></Rule><Rule status="enabled" severity="error" ruleId="R2610"><Driver class="com.modeliosoft.modelio.audit.rules.R2610"/></Rule><Rule status="enabled" severity="error" ruleId="R2620"><Driver class="com.modeliosoft.modelio.audit.rules.R2620"/></Rule><Rule status="enabled" severity="error" ruleId="R2630"><Driver class="com.modeliosoft.modelio.audit.rules.R2630"/></Rule><Rule status="enabled" severity="error" ruleId="R2640"><Driver class="com.modeliosoft.modelio.audit.rules.R2640"/></Rule><Rule status="enabled" severity="error" ruleId="R2650"><Driver class="com.modeliosoft.modelio.audit.rules.R2650"/></Rule><Rule status="enabled" severity="error" ruleId="R2660"><Driver class="com.modeliosoft.modelio.audit.rules.R2660"/></Rule><Rule status="enabled" severity="error" ruleId="R2670"><Driver class="com.modeliosoft.modelio.audit.rules.R2670"/></Rule><Rule status="enabled" severity="warning" ruleId="R2750"><Driver class="com.modeliosoft.modelio.audit.rules.R2750"/></Rule><Rule status="enabled" severity="error" ruleId="R2760"><Driver class="com.modeliosoft.modelio.audit.rules.R2760"/></Rule><Rule status="enabled" severity="error" ruleId="R2770"><Driver class="com.modeliosoft.modelio.audit.rules.R2770"/></Rule><Rule status="enabled" severity="warning" ruleId="R2780"><Driver class="com.modeliosoft.modelio.audit.rules.R2780"/></Rule><Rule status="enabled" severity="error" ruleId="R2790"><Driver class="com.modeliosoft.modelio.audit.rules.R2790"/></Rule><Rule status="enabled" severity="error" ruleId="R2800"><Driver class="com.modeliosoft.modelio.audit.rules.R2800"/></Rule><Rule status="enabled" severity="error" ruleId="R2810"><Driver class="com.modeliosoft.modelio.audit.rules.R2810"/></Rule><Rule status="enabled" severity="error" ruleId="R2820"><Driver class="com.modeliosoft.modelio.audit.rules.R2820"/></Rule><Rule status="enabled" severity="error" ruleId="R2830"><Driver class="com.modeliosoft.modelio.audit.rules.R2830"/></Rule><Rule status="enabled" severity="warning" ruleId="R2840"><Driver class="com.modeliosoft.modelio.audit.rules.R2840"/></Rule><Rule status="enabled" severity="warning" ruleId="R2940"><Driver class="com.modeliosoft.modelio.audit.rules.R2940"/></Rule><Rule status="enabled" severity="warning" ruleId="R2950"><Driver class="com.modeliosoft.modelio.audit.rules.R2950"/></Rule></RuleGroup><RuleGroup category="UseCase"><Rule status="enabled" severity="warning" ruleId="R2860"><Driver class="com.modeliosoft.modelio.audit.rules.R2860"/></Rule><Rule status="enabled" severity="error" ruleId="R2870"><Driver class="com.modeliosoft.modelio.audit.rules.R2870"/></Rule><Rule status="enabled" severity="error" ruleId="R2880"><Driver class="com.modeliosoft.modelio.audit.rules.R2880"/></Rule><Rule status="enabled" severity="error" ruleId="R2890"><Driver class="com.modeliosoft.modelio.audit.rules.R2890"/></Rule><Rule status="enabled" severity="tip" ruleId="R2900"><Driver class="com.modeliosoft.modelio.audit.rules.R2900"/></Rule><Rule status="enabled" severity="error" ruleId="R2910"><Driver class="com.modeliosoft.modelio.audit.rules.R2910"/></Rule><Rule status="enabled" severity="error" ruleId="R2920"><Driver class="com.modeliosoft.modelio.audit.rules.R2920"/></Rule></RuleGroup><RuleGroup category="Static"><Rule status="enabled" severity="error" ruleId="R1000"><Driver class="com.modeliosoft.modelio.audit.rules.R1000"/></Rule><Rule status="enabled" severity="error" ruleId="R1410"><Driver class="com.modeliosoft.modelio.audit.rules.R1410"/></Rule><Rule status="enabled" severity="error" ruleId="R1420"><Driver class="com.modeliosoft.modelio.audit.rules.R1420"/></Rule><Rule status="enabled" severity="error" ruleId="R1430"><Driver class="com.modeliosoft.modelio.audit.rules.R1430"/></Rule><Rule status="enabled" severity="error" ruleId="R1440"><Driver class="com.modeliosoft.modelio.audit.rules.R1440"/></Rule><Rule status="enabled" severity="error" ruleId="R1450"><Driver class="com.modeliosoft.modelio.audit.rules.R1450"/></Rule><Rule status="enabled" severity="error" ruleId="R1460"><Driver class="com.modeliosoft.modelio.audit.rules.R1460"/></Rule><Rule status="enabled" severity="error" ruleId="R1470"><Driver class="com.modeliosoft.modelio.audit.rules.R1470"/></Rule><Rule status="enabled" severity="warning" ruleId="R1480"><Driver class="com.modeliosoft.modelio.audit.rules.R1480"/></Rule><Rule status="enabled" severity="warning" ruleId="R1490"><Driver class="com.modeliosoft.modelio.audit.rules.R1490"/></Rule><Rule status="enabled" severity="tip" ruleId="R1500"><Driver class="com.modeliosoft.modelio.audit.rules.R1500"/></Rule><Rule status="enabled" severity="tip" ruleId="R1520"><Driver class="com.modeliosoft.modelio.audit.rules.R1520"/></Rule><Rule status="enabled" severity="error" ruleId="R1540"><Driver class="com.modeliosoft.modelio.audit.rules.R1540"/></Rule><Rule status="enabled" severity="error" ruleId="R1550"><Driver class="com.modeliosoft.modelio.audit.rules.R1550"/></Rule><Rule status="enabled" severity="warning" ruleId="R1560"><Driver class="com.modeliosoft.modelio.audit.rules.R1560"/></Rule><Rule status="enabled" severity="error" ruleId="R1570"><Driver class="com.modeliosoft.modelio.audit.rules.R1570"/></Rule><Rule status="enabled" severity="error" ruleId="R1580"><Driver class="com.modeliosoft.modelio.audit.rules.R1580"/></Rule><Rule status="enabled" severity="warning" ruleId="R1590"><Driver class="com.modeliosoft.modelio.audit.rules.R1590"/></Rule><Rule status="enabled" severity="warning" ruleId="R1600"><Driver class="com.modeliosoft.modelio.audit.rules.R1600"/></Rule><Rule status="enabled" severity="error" ruleId="R1610"><Driver class="com.modeliosoft.modelio.audit.rules.R1610"/></Rule><Rule status="enabled" severity="error" ruleId="R1620"><Driver class="com.modeliosoft.modelio.audit.rules.R1620"/></Rule><Rule status="enabled" severity="warning" ruleId="R1640"><Driver class="com.modeliosoft.modelio.audit.rules.R1640"/></Rule><Rule status="enabled" severity="warning" ruleId="R1650"><Driver class="com.modeliosoft.modelio.audit.rules.R1650"/></Rule><Rule status="enabled" severity="warning" ruleId="R1660"><Driver class="com.modeliosoft.modelio.audit.rules.R1660"/></Rule><Rule status="enabled" severity="error" ruleId="R1670"><Driver class="com.modeliosoft.modelio.audit.rules.R1670"/></Rule><Rule status="enabled" severity="warning" ruleId="R1720"><Driver class="com.modeliosoft.modelio.audit.rules.R1720"/></Rule><Rule status="enabled" severity="error" ruleId="R1730"><Driver class="com.modeliosoft.modelio.audit.rules.R1730"/></Rule><Rule status="enabled" severity="error" ruleId="R1750"><Driver class="com.modeliosoft.modelio.audit.rules.R1750"/></Rule><Rule status="enabled" severity="error" ruleId="R1760"><Driver class="com.modeliosoft.modelio.audit.rules.R1760"/></Rule><Rule status="enabled" severity="error" ruleId="R1780"><Driver class="com.modeliosoft.modelio.audit.rules.R1780"/></Rule><Rule status="enabled" severity="error" ruleId="R1790"><Driver class="com.modeliosoft.modelio.audit.rules.R1790"/></Rule><Rule status="enabled" severity="error" ruleId="R1860"><Driver class="com.modeliosoft.modelio.audit.rules.R1860"/></Rule><Rule status="enabled" severity="error" ruleId="R1870"><Driver class="com.modeliosoft.modelio.audit.rules.R1870"/></Rule><Rule status="enabled" severity="tip" ruleId="R1910"><Driver class="com.modeliosoft.modelio.audit.rules.R1910"/></Rule><Rule status="enabled" severity="error" ruleId="R1970"><Driver class="com.modeliosoft.modelio.audit.rules.R1970"/></Rule><Rule status="enabled" severity="error" ruleId="R1980"><Driver class="com.modeliosoft.modelio.audit.rules.R1980"/></Rule><Rule status="enabled" severity="warning" ruleId="R1990"><Driver class="com.modeliosoft.modelio.audit.rules.R1990"/></Rule><Rule status="enabled" severity="error" ruleId="R2060"><Driver class="com.modeliosoft.modelio.audit.rules.R2060"/></Rule><Rule status="enabled" severity="error" ruleId="R2180"><Driver class="com.modeliosoft.modelio.audit.rules.R2180"/></Rule><Rule status="enabled" severity="warning" ruleId="R2190"><Driver class="com.modeliosoft.modelio.audit.rules.R2190"/></Rule><Rule status="enabled" severity="warning" ruleId="R2200"><Driver class="com.modeliosoft.modelio.audit.rules.R2200"/></Rule><Rule status="enabled" severity="error" ruleId="R2210"><Driver class="com.modeliosoft.modelio.audit.rules.R2210"/></Rule><Rule status="enabled" severity="error" ruleId="R2220"><Driver class="com.modeliosoft.modelio.audit.rules.R2220"/></Rule><Rule status="enabled" severity="warning" ruleId="R2230"><Driver class="com.modeliosoft.modelio.audit.rules.R2230"/></Rule><Rule status="enabled" severity="error" ruleId="R2240"><Driver class="com.modeliosoft.modelio.audit.rules.R2240"/></Rule><Rule status="enabled" severity="warning" ruleId="R2250"><Driver class="com.modeliosoft.modelio.audit.rules.R2250"/></Rule><Rule status="enabled" severity="error" ruleId="R2260"><Driver class="com.modeliosoft.modelio.audit.rules.R2260"/></Rule><Rule status="enabled" severity="warning" ruleId="R2270"><Driver class="com.modeliosoft.modelio.audit.rules.R2270"/></Rule><Rule status="enabled" severity="error" ruleId="R2330"><Driver class="com.modeliosoft.modelio.audit.rules.R2330"/></Rule><Rule status="enabled" severity="error" ruleId="R2340"><Driver class="com.modeliosoft.modelio.audit.rules.R2340"/></Rule><Rule status="enabled" severity="error" ruleId="R2350"><Driver class="com.modeliosoft.modelio.audit.rules.R2350"/></Rule><Rule status="enabled" severity="error" ruleId="R2360"><Driver class="com.modeliosoft.modelio.audit.rules.R2360"/></Rule><Rule status="enabled" severity="error" ruleId="R2370"><Driver class="com.modeliosoft.modelio.audit.rules.R2370"/></Rule><Rule status="enabled" severity="error" ruleId="R2380"><Driver class="com.modeliosoft.modelio.audit.rules.R2380"/></Rule><Rule status="enabled" severity="error" ruleId="R2390"><Driver class="com.modeliosoft.modelio.audit.rules.R2390"/></Rule><Rule status="enabled" severity="error" ruleId="R2400"><Driver class="com.modeliosoft.modelio.audit.rules.R2400"/></Rule><Rule status="enabled" severity="error" ruleId="R2410"><Driver class="com.modeliosoft.modelio.audit.rules.R2410"/></Rule><Rule status="enabled" severity="warning" ruleId="R2420"><Driver class="com.modeliosoft.modelio.audit.rules.R2420"/></Rule><Rule status="enabled" severity="error" ruleId="R2430"><Driver class="com.modeliosoft.modelio.audit.rules.R2430"/></Rule><Rule status="enabled" severity="warning" ruleId="R2440"><Driver class="com.modeliosoft.modelio.audit.rules.R2440"/></Rule><Rule status="enabled" severity="error" ruleId="R2450"><Driver class="com.modeliosoft.modelio.audit.rules.R2450"/></Rule><Rule status="enabled" severity="warning" ruleId="R2470"><Driver class="com.modeliosoft.modelio.audit.rules.R2470"/></Rule><Rule status="enabled" severity="error" ruleId="R2500"><Driver class="com.modeliosoft.modelio.audit.rules.R2500"/></Rule><Rule status="enabled" severity="warning" ruleId="R2510"><Driver class="com.modeliosoft.modelio.audit.rules.R2510"/></Rule><Rule status="enabled" severity="warning" ruleId="R2520"><Driver class="com.modeliosoft.modelio.audit.rules.R2520"/></Rule><Rule status="enabled" severity="warning" ruleId="R2530"><Driver class="com.modeliosoft.modelio.audit.rules.R2530"/></Rule><Rule status="enabled" severity="error" ruleId="R2540"><Driver class="com.modeliosoft.modelio.audit.rules.R2540"/></Rule><Rule status="enabled" severity="error" ruleId="R2550"><Driver class="com.modeliosoft.modelio.audit.rules.R2550"/></Rule><Rule status="enabled" severity="warning" ruleId="R2560"><Driver class="com.modeliosoft.modelio.audit.rules.R2560"/></Rule><Rule status="enabled" severity="error" ruleId="R2570"><Driver class="com.modeliosoft.modelio.audit.rules.R2570"/></Rule><Rule status="enabled" severity="error" ruleId="R2680"><Driver class="com.modeliosoft.modelio.audit.rules.R2680"/></Rule><Rule status="enabled" severity="error" ruleId="R2690"><Driver class="com.modeliosoft.modelio.audit.rules.R2690"/></Rule><Rule status="enabled" severity="error" ruleId="R2700"><Driver class="com.modeliosoft.modelio.audit.rules.R2700"/></Rule><Rule status="enabled" severity="error" ruleId="R2720"><Driver class="com.modeliosoft.modelio.audit.rules.R2720"/></Rule><Rule status="enabled" severity="error" ruleId="R2730"><Driver class="com.modeliosoft.modelio.audit.rules.R2730"/></Rule><Rule status="enabled" severity="error" ruleId="R2740"><Driver class="com.modeliosoft.modelio.audit.rules.R2740"/></Rule></RuleGroup><RuleGroup category="Analyst"><Rule status="enabled" severity="error" ruleId="R2010"><Driver class="com.modeliosoft.modelio.audit.rules.R2010"/></Rule><Rule status="enabled" severity="error" ruleId="R2030"><Driver class="com.modeliosoft.modelio.audit.rules.R2030"/></Rule><Rule status="enabled" severity="error" ruleId="R2080"><Driver class="com.modeliosoft.modelio.audit.rules.R2080"/></Rule><Rule status="enabled" severity="error" ruleId="R2100"><Driver class="com.modeliosoft.modelio.audit.rules.R2100"/></Rule><Rule status="enabled" severity="error" ruleId="R2120"><Driver class="com.modeliosoft.modelio.audit.rules.R2120"/></Rule><Rule status="enabled" severity="error" ruleId="R2140"><Driver class="com.modeliosoft.modelio.audit.rules.R2140"/></Rule><Rule status="enabled" severity="error" ruleId="R2160"><Driver class="com.modeliosoft.modelio.audit.rules.R2160"/></Rule><Rule status="enabled" severity="error" ruleId="R2960"><Driver class="com.modeliosoft.modelio.audit.rules.R2960"/></Rule><Rule status="enabled" severity="error" ruleId="R2970"><Driver class="com.modeliosoft.modelio.audit.rules.R2970"/></Rule><Rule status="enabled" severity="error" ruleId="R2980"><Driver class="com.modeliosoft.modelio.audit.rules.R2980"/></Rule><Rule status="enabled" severity="error" ruleId="R2990"><Driver class="com.modeliosoft.modelio.audit.rules.R2990"/></Rule><Rule status="enabled" severity="error" ruleId="R3000"><Driver class="com.modeliosoft.modelio.audit.rules.R3000"/></Rule><Rule status="enabled" severity="error" ruleId="R3010"><Driver class="com.modeliosoft.modelio.audit.rules.R3010"/></Rule><Rule status="enabled" severity="error" ruleId="R3020"><Driver class="com.modeliosoft.modelio.audit.rules.R3020"/></Rule><Rule status="enabled" severity="error" ruleId="R3030"><Driver class="com.modeliosoft.modelio.audit.rules.R3030"/></Rule><Rule status="enabled" severity="error" ruleId="R3040"><Driver class="com.modeliosoft.modelio.audit.rules.R3040"/></Rule><Rule status="enabled" severity="error" ruleId="R3050"><Driver class="com.modeliosoft.modelio.audit.rules.R3050"/></Rule><Rule status="enabled" severity="error" ruleId="R3060"><Driver class="com.modeliosoft.modelio.audit.rules.R3060"/></Rule><Rule status="enabled" severity="error" ruleId="R3070"><Driver class="com.modeliosoft.modelio.audit.rules.R3070"/></Rule></RuleGroup><RuleGroup category="Behaviour"><Rule status="enabled" severity="error" ruleId="R1680"><Driver class="com.modeliosoft.modelio.audit.rules.R1680"/></Rule><Rule status="enabled" severity="error" ruleId="R1690"><Driver class="com.modeliosoft.modelio.audit.rules.R1690"/></Rule><Rule status="enabled" severity="error" ruleId="R1700"><Driver class="com.modeliosoft.modelio.audit.rules.R1700"/></Rule><Rule status="enabled" severity="error" ruleId="R1710"><Driver class="com.modeliosoft.modelio.audit.rules.R1710"/></Rule><Rule status="enabled" severity="error" ruleId="R2170"><Driver class="com.modeliosoft.modelio.audit.rules.R2170"/></Rule></RuleGroup><RuleGroup category="Sequence"><Rule status="enabled" severity="error" ruleId="R1800"><Driver class="com.modeliosoft.modelio.audit.rules.R1800"/></Rule><Rule status="enabled" severity="warning" ruleId="R1810"><Driver class="com.modeliosoft.modelio.audit.rules.R1810"/></Rule><Rule status="enabled" severity="warning" ruleId="R1820"><Driver class="com.modeliosoft.modelio.audit.rules.R1820"/></Rule><Rule status="enabled" severity="error" ruleId="R1830"><Driver class="com.modeliosoft.modelio.audit.rules.R1830"/></Rule><Rule status="enabled" severity="error" ruleId="R1950"><Driver class="com.modeliosoft.modelio.audit.rules.R1950"/></Rule><Rule status="enabled" severity="tip" ruleId="R1960"><Driver class="com.modeliosoft.modelio.audit.rules.R1960"/></Rule><Rule status="enabled" severity="error" ruleId="R2930"><Driver class="com.modeliosoft.modelio.audit.rules.R2930"/></Rule></RuleGroup><RuleGroup category="Others"><Rule status="disabled" severity="tip" ruleId="R1530"><Driver class="com.modeliosoft.modelio.audit.rules.R1530"/></Rule><Rule status="enabled" severity="tip" ruleId="R1740"><Driver class="com.modeliosoft.modelio.audit.rules.R1740"/></Rule><Rule status="enabled" severity="error" ruleId="R2050"><Driver class="com.modeliosoft.modelio.audit.rules.R2050"/></Rule><Rule status="enabled" severity="error" ruleId="R2850"><Driver class="com.modeliosoft.modelio.audit.rules.R2850"/></Rule></RuleGroup><RuleGroup category="BPMN"><Rule status="enabled" severity="error" ruleId="R3080"><Driver class="com.modeliosoft.modelio.audit.rules.R3080"/></Rule><Rule status="enabled" severity="error" ruleId="R3090"><Driver class="com.modeliosoft.modelio.audit.rules.R3090"/></Rule><Rule status="enabled" severity="error" ruleId="R3100"><Driver class="com.modeliosoft.modelio.audit.rules.R3100"/></Rule><Rule status="enabled" severity="error" ruleId="R3110"><Driver class="com.modeliosoft.modelio.audit.rules.R3110"/></Rule><Rule status="enabled" severity="error" ruleId="R3130"><Driver class="com.modeliosoft.modelio.audit.rules.R3130"/></Rule><Rule status="enabled" severity="warning" ruleId="R3140"><Driver class="com.modeliosoft.modelio.audit.rules.R3140"/></Rule><Rule status="enabled" severity="error" ruleId="R3150"><Driver class="com.modeliosoft.modelio.audit.rules.R3150"/></Rule><Rule status="enabled" severity="error" ruleId="R3160"><Driver class="com.modeliosoft.modelio.audit.rules.R3160"/></Rule><Rule status="enabled" severity="warning" ruleId="R3170"><Driver class="com.modeliosoft.modelio.audit.rules.R3170"/></Rule><Rule status="enabled" severity="error" ruleId="R3180"><Driver class="com.modeliosoft.modelio.audit.rules.R3180"/></Rule><Rule status="enabled" severity="error" ruleId="R3190"><Driver class="com.modeliosoft.modelio.audit.rules.R3190"/></Rule><Rule status="enabled" severity="warning" ruleId="R3210"><Driver class="com.modeliosoft.modelio.audit.rules.R3210"/></Rule><Rule status="enabled" severity="error" ruleId="R3220"><Driver class="com.modeliosoft.modelio.audit.rules.R3220"/></Rule><Rule status="enabled" severity="warning" ruleId="R3230"><Driver class="com.modeliosoft.modelio.audit.rules.R3230"/></Rule><Rule status="enabled" severity="error" ruleId="R3240"><Driver class="com.modeliosoft.modelio.audit.rules.R3240"/></Rule><Rule status="enabled" severity="error" ruleId="R3250"><Driver class="com.modeliosoft.modelio.audit.rules.R3250"/></Rule></RuleGroup></Configuration>